{
  "threshold": 0.07333333333333333,
  "recall": 0.8979591836734694,
  "precision": 0.7272727272727273,
  "f1": 0.8036529680365296,
  "roc_auc": 0.9665696276400263,
  "false_negatives": 10,
  "false_positives": 33
}